provider,model,type,n,pass_at_1,avg_ttft_ms,avg_e2e_ms,tokens_in,tokens_out,total_tokens,cost_usd,cost_per_question
openai,gpt-5.1,Click_Order,8,0.250,9202.9,9206.8,21240,6073,27313,0.087280,0.010910
openai,gpt-5.1,Dice_Count,9,0.000,52944.8,52957.0,26566,31787,58353,0.351077,0.039009
openai,gpt-5.1,Patch_Select,8,0.250,12452.8,12455.2,14133,3845,17978,0.056116,0.007014
openai,gpt-5.1,Pick_Area,10,0.100,18564.6,18569.2,17500,5806,23306,0.079935,0.007994
openai,gpt-5.1,Place_Dot,10,0.100,9844.7,9848.9,22290,5610,27900,0.083962,0.008396
openai,gpt-5.1,Rotation_Match,10,0.400,95483.2,95491.5,41070,44568,85638,0.497017,0.049702
