task_type,rank,avg_pass@1,std_pass@1,n_models,captcha_score
Place_Dot,1,1.67,4.08,6,97.366
Pick_Area,2,6.67,5.16,6,93.934
Dice_Count,3,5.0,12.25,6,92.1
Patch_Select,4,15.0,13.780000000000001,6,85.488
Click_Order,5,11.67,20.41,6,84.834
Rotation_Match,6,15.0,16.43,6,84.428
Unusual_Detection,7,26.669999999999998,13.66,6,78.53399999999999
Geometry_Click,8,25.0,28.110000000000003,6,73.756
