provider,model,type,n,pass_at_1,avg_ttft_ms,avg_e2e_ms,tokens_in,tokens_out,total_tokens,cost_usd,cost_per_question
openai,gpt-5,Click_Order,8,0.250,31354.9,31358.8,21240,9672,30912,0.123270,0.015409
openai,gpt-5,Dice_Count,9,0.000,92205.3,92217.2,26566,42960,69526,0.462808,0.051423
openai,gpt-5,Patch_Select,8,0.000,14017.3,14020.3,14133,4434,18567,0.062006,0.007751
openai,gpt-5,Pick_Area,10,0.000,38688.8,38694.0,17500,20454,37954,0.226415,0.022642
openai,gpt-5,Place_Dot,10,0.000,38740.2,38743.9,22290,13990,36280,0.167762,0.016776
openai,gpt-5,Rotation_Match,10,0.500,45654.5,45662.7,41070,16992,58062,0.221258,0.022126
